sample_idx,class_c,b,V1,V2,V2_over_V1,V3_c,V3_k0,V3_k1,V3_k2,V3_k3,V3_k4,V3_k5,V3_k6,V3_k7,V3_k8,V3_k9
25,3,4,1.189578,0.569576,0.478805,0.569576,0.0,0.0,0.0,0.569576,0.0,0.0,0.0,0.0,0.0,0.0
25,3,6,1.189578,0.885163,0.744099,0.885163,0.0,0.0,0.0,0.885163,0.0,0.0,0.0,0.245633,0.0,0.0
25,3,8,1.189578,1.046637,0.879839,1.046637,0.0,0.0,0.214261,1.046637,0.573079,0.0,0.0,0.315454,0.0,0.0
25,3,10,1.189578,1.138335,0.956924,1.138335,0.0,0.0,0.463404,1.138335,0.706752,0.0,0.0,0.450652,0.0,0.0
25,3,12,1.189578,1.178488,0.990677,1.178488,0.0,0.0,0.543383,1.178488,0.0,0.0,0.0,0.0,0.0,0.0
25,3,16,1.189578,1.189232,0.999709,1.189232,0.0,0.147687,0.205446,1.189232,0.811829,0.0,0.0,0.688456,0.0,0.0
105,1,4,1.290809,0.591331,0.458108,0.591331,0.0,0.591331,0.0,0.0,0.0,0.0,0.0,0.0,0.0,0.0
105,1,6,1.290809,1.028124,0.796495,1.028124,0.0,1.028124,0.0,0.0,0.0,0.0,0.0,0.0,0.0,0.0
105,1,8,1.290809,1.156539,0.89598,1.156539,0.0,1.156539,0.0,0.0,0.0,0.0,0.0,0.0,0.0,0.0
105,1,10,1.290809,1.233181,0.955355,1.233181,0.0,1.233181,0.0,0.0,0.0,0.0,0.0,0.0,0.0,0.0
105,1,12,1.290809,1.278799,0.990695,1.278799,0.0,1.278799,0.0,0.0,0.0,0.0,0.0,0.0,0.0,0.0
105,1,16,1.290809,1.290753,0.999956,1.290753,0.0,1.290753,0.0,0.0,0.0,0.0,0.0,0.0,0.0,0.0
115,5,4,1.839538,0.965884,0.525069,0.965884,0.0,0.0,0.0,0.0,0.0,0.965884,0.0,0.0,0.0,0.0
115,5,6,1.839538,1.471566,0.799965,1.471566,0.0,0.0,0.0,0.0,0.0,1.471566,0.0,0.0,0.0,0.0
115,5,8,1.839538,1.709427,0.92927,1.709427,0.0,0.0,0.0,0.0,0.0,1.709427,0.0,0.0,0.0,0.173664
115,5,10,1.839538,1.799531,0.978252,1.799531,0.0,0.0,0.0,0.0,0.0,1.799531,0.0,0.0,0.0,0.894374
115,5,12,1.839538,1.824907,0.992046,1.824907,0.0,0.0,0.0,0.0,0.0,1.824907,0.0,0.0,0.0,0.92931
115,5,16,1.839538,1.839099,0.999761,1.839099,0.0,0.0,0.0,0.0,0.0,1.839099,0.0,0.0,0.0,0.956565
143,8,4,1.049067,0.470684,0.448669,0.470684,0.0,0.0,0.0,0.0,0.0,0.0,0.0,0.0,0.470684,0.0
143,8,6,1.049067,0.722031,0.68826,0.722031,0.0,0.0,0.0,0.0,0.0,0.0,0.0,0.0,0.722031,0.0
143,8,8,1.049067,0.890837,0.849171,0.890837,0.0,0.0,0.0,0.0,0.0,0.0,0.0,0.0,0.890837,0.0
143,8,10,1.049067,0.992236,0.945827,0.992236,0.0,0.0,0.0,0.0,0.0,0.0,0.0,0.0,0.992236,0.0
143,8,12,1.049067,1.027571,0.979509,1.027571,0.0,0.0,0.0,0.0,0.0,0.0,0.0,0.0,1.027571,0.0
143,8,16,1.049067,1.048655,0.999607,1.048655,0.0,0.0,0.0,0.0,0.0,0.0,0.0,0.0,1.048655,0.0
229,2,4,1.978802,1.090564,0.551123,1.090564,0.0,0.0,1.090564,0.0,0.0,0.0,0.0,0.0,0.0,0.0
229,2,6,1.978802,1.50534,0.760733,1.50534,0.0,0.0,1.50534,0.0,0.0,0.0,0.851541,0.0,0.0,0.0
229,2,8,1.978802,1.751562,0.885163,1.751562,0.0,0.0,1.751562,0.0,0.0,0.0,1.357656,0.0,0.0,0.0
229,2,10,1.978802,1.905135,0.962772,1.905135,0.0,0.0,1.905135,0.0,0.0,0.0,1.610758,0.0,0.0,0.0
229,2,12,1.978802,1.95737,0.989169,1.95737,0.0,0.0,1.95737,0.0,0.0,0.0,1.672492,0.0,0.0,0.0
229,2,16,1.978802,1.978362,0.999777,1.978362,0.0,0.0,1.978362,0.0,0.0,0.0,1.678183,0.0,0.0,0.0
251,2,4,1.85814,0.956459,0.51474,0.956459,0.874554,0.0,0.956459,0.0,0.711305,0.0,0.0,0.0,0.759606,0.0
251,2,6,1.85814,1.402552,0.754815,1.402552,1.230138,0.0,1.402552,0.0,1.311968,0.0,0.0,0.0,1.125855,0.0
251,2,8,1.85814,1.692551,0.910885,1.692551,1.608204,0.0,1.692551,0.883031,1.663636,0.0,1.099807,0.0,1.540467,0.0
251,2,10,1.85814,1.794919,0.965976,1.794919,1.727413,0.0,1.794919,1.031902,1.765094,0.0,1.094001,0.0,1.655703,0.0
251,2,12,1.85814,1.840138,0.990311,1.840138,1.776397,0.0,1.840138,1.153942,1.813655,0.0,1.335297,0.760455,1.70143,0.0
251,2,16,1.85814,1.857723,0.999775,1.857723,1.790055,0.0,1.857723,1.186673,1.830609,0.0,1.37035,0.805928,1.719206,0.0
282,9,4,1.710097,0.840363,0.491413,0.840363,0.0,0.0,0.0,0.0,0.0,0.0,0.0,0.0,0.0,0.840363
282,9,6,1.710097,1.327861,0.776482,1.327861,0.0,0.0,0.0,0.0,0.0,0.0,0.0,0.0,0.0,1.327861
282,9,8,1.710097,1.563892,0.914505,1.563892,0.0,0.0,0.0,0.0,0.0,0.0,0.0,0.0,0.0,1.563892
282,9,10,1.710097,1.654553,0.96752,1.654553,0.0,0.0,0.0,0.0,0.0,0.0,0.0,0.0,0.0,1.654553
282,9,12,1.710097,1.704103,0.996495,1.704103,0.0,0.0,0.0,0.0,0.0,0.0,0.0,0.0,0.0,1.704103
282,9,16,1.710097,1.709615,0.999718,1.709615,0.0,0.0,0.0,0.0,0.0,0.0,0.0,0.0,0.0,1.709615
655,0,4,1.492481,0.727296,0.487307,0.727296,0.727296,0.0,0.0,0.0,0.0,0.0,0.111726,0.0,0.0,0.0
655,0,6,1.492481,1.079509,0.723299,1.079509,1.079509,0.0,0.553163,0.0,0.0,0.0,0.677686,0.0,0.0,0.0
655,0,8,1.492481,1.337575,0.896209,1.337575,1.337575,0.0,0.91779,0.433486,0.0,0.0,1.009299,0.0,0.0,0.0
655,0,10,1.492481,1.418027,0.950114,1.418027,1.418027,0.0,0.0,0.659762,0.0,0.0,0.233874,0.0,0.0,0.0
655,0,12,1.492481,1.472948,0.986913,1.472948,1.472948,0.0,0.0,0.717961,0.0,0.0,0.0,0.0,0.0,0.0
655,0,16,1.492481,1.492478,0.999998,1.492478,1.492478,0.0,1.14683,0.930827,0.308923,0.0,1.123157,0.0,0.0,0.0
755,6,4,1.244854,0.601381,0.483093,0.601381,0.0,0.0,0.0,0.0,0.0,0.0,0.601381,0.0,0.0,0.0
755,6,6,1.244854,0.891561,0.716197,0.891561,0.705871,0.0,0.0,0.0,0.0,0.0,0.891561,0.0,0.0,0.0
755,6,8,1.244854,1.108067,0.890118,1.108067,0.83644,0.0,0.0,0.0,0.0,0.0,1.108067,0.0,0.0,0.0
755,6,10,1.244854,1.197178,0.961702,1.197178,1.061394,0.0,0.0,0.510583,0.0,0.0,1.197178,0.0,0.0,0.0
755,6,12,1.244854,1.237589,0.994164,1.237589,1.101801,0.0,0.0,0.525731,0.0,0.0,1.237589,0.0,0.0,0.0
755,6,16,1.244854,1.244555,0.99976,1.244555,1.10925,0.0,0.0,0.570168,0.0,0.0,1.244555,0.0,0.0,0.0
760,2,4,1.98698,0.98873,0.497604,0.98873,0.0,0.0,0.98873,0.0,0.103967,0.0,0.0,0.0,0.0,0.0
760,2,6,1.98698,1.555707,0.78295,1.555707,0.0,0.0,1.555707,0.0,0.733132,0.0,1.19834,0.0,0.0,0.0
760,2,8,1.98698,1.785364,0.898532,1.785364,0.585564,0.953073,1.785364,0.0,1.499407,0.0,1.556194,0.0,0.870468,1.070706
760,2,10,1.98698,1.934733,0.973705,1.934733,0.0,1.190724,1.934733,0.0,1.649237,0.0,1.656564,0.0,1.161542,1.231863
760,2,12,1.98698,1.972028,0.992475,1.972028,1.222902,1.257178,1.972028,0.0,1.679731,0.0,1.758376,0.0,1.224559,1.309833
760,2,16,1.98698,1.986581,0.999799,1.986581,1.245501,1.282344,1.986581,0.261845,1.709531,0.0,1.769967,0.573924,1.253064,1.335955
